dispatch_wait_bin,mean,count
"(-1.001, 0.0]",0.29392265193370165,1810
"(0.0, 1.0]",0.09553642829089636,211333
"(1.0, 2.0]",0.13856566136309664,58954
"(2.0, 5.0]",0.15353531864924838,115817
"(5.0, 10.0]",0.20480628720105498,112228
"(10.0, 20.0]",0.23699198764359494,20718
"(20.0, 60.0]",0.21699406121516673,8756
