distance_bin,mean,count
"(0.0655, 0.752]",0.0705756449250873,106524
"(0.752, 1.223]",0.11618977882918403,106524
"(1.223, 1.7]",0.15554241297735721,106524
"(1.7, 2.297]",0.18155533025421502,106524
"(2.297, 5.087]",0.1992978108219744,106524
