model,accuracy,precision,recall,f1,auc
random_forest,0.57584,0.20772546419098142,0.7055180180180181,0.320952868852459,0.6773162452829554
logistic_regression,0.61208,0.21167198348658284,0.6351351351351351,0.3175228712174525,0.6730512683515294
